scope	row_status	kind	source_path	target_path	result	note
design	not in current numbered canon	root-module	/data/data/com.termux/files/home/02.ERP-system/.evidence-harvest	manual_classification_required	row_skipped	unsupported ledger status
design	not in current numbered canon	root-module	/data/data/com.termux/files/home/02.ERP-system/000.platform	manual_classification_required	row_skipped	unsupported ledger status
design	not in current numbered canon	root-module	/data/data/com.termux/files/home/02.ERP-system/001.core-principles	manual_classification_required	row_skipped	unsupported ledger status
design	not in current numbered canon	root-module	/data/data/com.termux/files/home/02.ERP-system/002.interface-and-contract	manual_classification_required	row_skipped	unsupported ledger status
design	not in current numbered canon	root-module	/data/data/com.termux/files/home/02.ERP-system/003.control-and-workflow	manual_classification_required	row_skipped	unsupported ledger status
design	not in current numbered canon	root-module	/data/data/com.termux/files/home/02.ERP-system/004.mapping-and-normalization	manual_classification_required	row_skipped	unsupported ledger status
design	not in current numbered canon	root-module	/data/data/com.termux/files/home/02.ERP-system/100.business	manual_classification_required	row_skipped	unsupported ledger status
design	not in current numbered canon	root-module	/data/data/com.termux/files/home/02.ERP-system/200.management	manual_classification_required	row_skipped	unsupported ledger status
design	not in current numbered canon	root-module	/data/data/com.termux/files/home/02.ERP-system/300.analytics	manual_classification_required	row_skipped	unsupported ledger status
design	not in current numbered canon	root-module	/data/data/com.termux/files/home/02.ERP-system/300.audit	manual_classification_required	row_skipped	unsupported ledger status
design	not in current numbered canon	root-module	/data/data/com.termux/files/home/02.ERP-system/400.analytics	manual_classification_required	row_skipped	unsupported ledger status
design	not in current numbered canon	root-module	/data/data/com.termux/files/home/02.ERP-system/900.meta	manual_classification_required	row_skipped	unsupported ledger status
design	root-file	file	/data/data/com.termux/files/home/02.ERP-system/ERP_SYSTEM_FOLDER_STRUCTURE_CANONICAL.md	/data/data/com.termux/files/home/02.ERP-system/90.transition-triage/00.root-files/ERP_SYSTEM_FOLDER_STRUCTURE_CANONICAL.md	file_copied	copied root loose file to triage
design	root-file	file	/data/data/com.termux/files/home/02.ERP-system/DESIGN_DOCUMENT_RULES_CANONICAL.md	/data/data/com.termux/files/home/02.ERP-system/90.transition-triage/00.root-files/DESIGN_DOCUMENT_RULES_CANONICAL.md	file_copied	copied root loose file to triage
design	root-file	file	/data/data/com.termux/files/home/02.ERP-system/ERP_SYSTEM_MASTER_INDEX.md	/data/data/com.termux/files/home/02.ERP-system/90.transition-triage/00.root-files/ERP_SYSTEM_MASTER_INDEX.md	file_copied	copied root loose file to triage
design	root-file	file	/data/data/com.termux/files/home/02.ERP-system/DESIGN_MASTER_INDEX.md	/data/data/com.termux/files/home/02.ERP-system/90.transition-triage/00.root-files/DESIGN_MASTER_INDEX.md	file_copied	copied root loose file to triage
design	root-file	file	/data/data/com.termux/files/home/02.ERP-system/ERP_DESIGN_BIBLE_FULL.md	/data/data/com.termux/files/home/02.ERP-system/90.transition-triage/00.root-files/ERP_DESIGN_BIBLE_FULL.md	file_copied	copied root loose file to triage
design	root-file	file	/data/data/com.termux/files/home/02.ERP-system/000_COMMON_DESIGN_INDEX.md	/data/data/com.termux/files/home/02.ERP-system/90.transition-triage/00.root-files/000_COMMON_DESIGN_INDEX.md	file_copied	copied root loose file to triage
design	root-file	file	/data/data/com.termux/files/home/02.ERP-system/000_COMMON_DESIGN_OVERVIEW.md	/data/data/com.termux/files/home/02.ERP-system/90.transition-triage/00.root-files/000_COMMON_DESIGN_OVERVIEW.md	file_copied	copied root loose file to triage
design	root-file	file	/data/data/com.termux/files/home/02.ERP-system/001_COMMON_DESIGN_SET_INTEGRATION_NOTE.md	/data/data/com.termux/files/home/02.ERP-system/90.transition-triage/00.root-files/001_COMMON_DESIGN_SET_INTEGRATION_NOTE.md	file_copied	copied root loose file to triage
design	root-file	file	/data/data/com.termux/files/home/02.ERP-system/002_COMMON_DESIGN_SET_NAVIGATION_RULE.md	/data/data/com.termux/files/home/02.ERP-system/90.transition-triage/00.root-files/002_COMMON_DESIGN_SET_NAVIGATION_RULE.md	file_copied	copied root loose file to triage
design	root-file	file	/data/data/com.termux/files/home/02.ERP-system/124_ERP_DEEP_REVIEW_SET_INDEX.md	/data/data/com.termux/files/home/02.ERP-system/90.transition-triage/00.root-files/124_ERP_DEEP_REVIEW_SET_INDEX.md	file_copied	copied root loose file to triage
design	root-file	file	/data/data/com.termux/files/home/02.ERP-system/125_ERP_DEEP_REVIEW_SET_OVERVIEW.md	/data/data/com.termux/files/home/02.ERP-system/90.transition-triage/00.root-files/125_ERP_DEEP_REVIEW_SET_OVERVIEW.md	file_copied	copied root loose file to triage
design	root-file	file	/data/data/com.termux/files/home/02.ERP-system/126_ERP_RECONCILIATION_ROADMAP.md	/data/data/com.termux/files/home/02.ERP-system/90.transition-triage/00.root-files/126_ERP_RECONCILIATION_ROADMAP.md	file_copied	copied root loose file to triage
design	root-file	file	/data/data/com.termux/files/home/02.ERP-system/127_ERP_RECONCILIATION_CURRENT_STATE.md	/data/data/com.termux/files/home/02.ERP-system/90.transition-triage/00.root-files/127_ERP_RECONCILIATION_CURRENT_STATE.md	file_copied	copied root loose file to triage
design	root-file	file	/data/data/com.termux/files/home/02.ERP-system/128_ERP_RECONCILIATION_NEXT_ACTIONS.md	/data/data/com.termux/files/home/02.ERP-system/90.transition-triage/00.root-files/128_ERP_RECONCILIATION_NEXT_ACTIONS.md	file_copied	copied root loose file to triage
design	root-file	file	/data/data/com.termux/files/home/02.ERP-system/129_ERP_RECONCILIATION_DECISION_LOG_SUMMARY.md	/data/data/com.termux/files/home/02.ERP-system/90.transition-triage/00.root-files/129_ERP_RECONCILIATION_DECISION_LOG_SUMMARY.md	file_copied	copied root loose file to triage
design	root-file	file	/data/data/com.termux/files/home/02.ERP-system/130_DESIGN_MASTER_INDEX_RECONCILIATION_PATCH.md	/data/data/com.termux/files/home/02.ERP-system/90.transition-triage/00.root-files/130_DESIGN_MASTER_INDEX_RECONCILIATION_PATCH.md	file_copied	copied root loose file to triage
design	root-file	file	/data/data/com.termux/files/home/02.ERP-system/131_ERP_SYSTEM_MASTER_INDEX_RECONCILIATION_PATCH.md	/data/data/com.termux/files/home/02.ERP-system/90.transition-triage/00.root-files/131_ERP_SYSTEM_MASTER_INDEX_RECONCILIATION_PATCH.md	file_copied	copied root loose file to triage
design	root-file	file	/data/data/com.termux/files/home/02.ERP-system/132_ERP_RECONCILIATION_ROOT_NAVIGATION_RULE.md	/data/data/com.termux/files/home/02.ERP-system/90.transition-triage/00.root-files/132_ERP_RECONCILIATION_ROOT_NAVIGATION_RULE.md	file_copied	copied root loose file to triage
design	root-file	file	/data/data/com.termux/files/home/02.ERP-system/134_ERP_RUNTIME_WRITE_PATH_EVIDENCE_CAPTURE_RULE.md	/data/data/com.termux/files/home/02.ERP-system/90.transition-triage/00.root-files/134_ERP_RUNTIME_WRITE_PATH_EVIDENCE_CAPTURE_RULE.md	file_copied	copied root loose file to triage
design	root-file	file	/data/data/com.termux/files/home/02.ERP-system/133_ERP_DESIGN_BIBLE_RECONCILIATION_PATCH.md	/data/data/com.termux/files/home/02.ERP-system/90.transition-triage/00.root-files/133_ERP_DESIGN_BIBLE_RECONCILIATION_PATCH.md	file_copied	copied root loose file to triage
design	root-file	file	/data/data/com.termux/files/home/02.ERP-system/135_ERP_RUNTIME_WRITE_PATH_EVIDENCE_LOG_TEMPLATE.md	/data/data/com.termux/files/home/02.ERP-system/90.transition-triage/00.root-files/135_ERP_RUNTIME_WRITE_PATH_EVIDENCE_LOG_TEMPLATE.md	file_copied	copied root loose file to triage
design	root-file	file	/data/data/com.termux/files/home/02.ERP-system/136_ERP_RUNTIME_WRITE_PATH_TARGET_MATRIX.md	/data/data/com.termux/files/home/02.ERP-system/90.transition-triage/00.root-files/136_ERP_RUNTIME_WRITE_PATH_TARGET_MATRIX.md	file_copied	copied root loose file to triage
design	root-file	file	/data/data/com.termux/files/home/02.ERP-system/137_ERP_RUNTIME_WRITE_PATH_FIRST_CAPTURE_PLAN.md	/data/data/com.termux/files/home/02.ERP-system/90.transition-triage/00.root-files/137_ERP_RUNTIME_WRITE_PATH_FIRST_CAPTURE_PLAN.md	file_copied	copied root loose file to triage
design	root-file	file	/data/data/com.termux/files/home/02.ERP-system/138_ERP_HEADER_WRITE_EVIDENCE_CAPTURE_RULE.md	/data/data/com.termux/files/home/02.ERP-system/90.transition-triage/00.root-files/138_ERP_HEADER_WRITE_EVIDENCE_CAPTURE_RULE.md	file_copied	copied root loose file to triage
design	root-file	file	/data/data/com.termux/files/home/02.ERP-system/139_ERP_HEADER_WRITE_EVIDENCE_LOG_TEMPLATE.md	/data/data/com.termux/files/home/02.ERP-system/90.transition-triage/00.root-files/139_ERP_HEADER_WRITE_EVIDENCE_LOG_TEMPLATE.md	file_copied	copied root loose file to triage
design	root-file	file	/data/data/com.termux/files/home/02.ERP-system/140_ERP_HEADER_WRITE_TARGET_MATRIX.md	/data/data/com.termux/files/home/02.ERP-system/90.transition-triage/00.root-files/140_ERP_HEADER_WRITE_TARGET_MATRIX.md	file_copied	copied root loose file to triage
design	root-file	file	/data/data/com.termux/files/home/02.ERP-system/141_ERP_HEADER_WRITE_FIRST_CAPTURE_PLAN.md	/data/data/com.termux/files/home/02.ERP-system/90.transition-triage/00.root-files/141_ERP_HEADER_WRITE_FIRST_CAPTURE_PLAN.md	file_copied	copied root loose file to triage
design	root-file	file	/data/data/com.termux/files/home/02.ERP-system/142_ERP_SETTLEMENT_EVIDENCE_CAPTURE_RULE.md	/data/data/com.termux/files/home/02.ERP-system/90.transition-triage/00.root-files/142_ERP_SETTLEMENT_EVIDENCE_CAPTURE_RULE.md	file_copied	copied root loose file to triage
design	root-file	file	/data/data/com.termux/files/home/02.ERP-system/143_ERP_AR_AP_EVIDENCE_CAPTURE_RULE.md	/data/data/com.termux/files/home/02.ERP-system/90.transition-triage/00.root-files/143_ERP_AR_AP_EVIDENCE_CAPTURE_RULE.md	file_copied	copied root loose file to triage
design	root-file	file	/data/data/com.termux/files/home/02.ERP-system/144_ERP_SETTLEMENT_AND_AR_AP_EVIDENCE_LOG_TEMPLATE.md	/data/data/com.termux/files/home/02.ERP-system/90.transition-triage/00.root-files/144_ERP_SETTLEMENT_AND_AR_AP_EVIDENCE_LOG_TEMPLATE.md	file_copied	copied root loose file to triage
design	root-file	file	/data/data/com.termux/files/home/02.ERP-system/145_ERP_SETTLEMENT_AND_AR_AP_FIRST_CAPTURE_PLAN.md	/data/data/com.termux/files/home/02.ERP-system/90.transition-triage/00.root-files/145_ERP_SETTLEMENT_AND_AR_AP_FIRST_CAPTURE_PLAN.md	file_copied	copied root loose file to triage
design	root-file	file	/data/data/com.termux/files/home/02.ERP-system/150_ERP_EVIDENCE_CAPTURE_SET_INDEX.md	/data/data/com.termux/files/home/02.ERP-system/90.transition-triage/00.root-files/150_ERP_EVIDENCE_CAPTURE_SET_INDEX.md	file_copied	copied root loose file to triage
design	root-file	file	/data/data/com.termux/files/home/02.ERP-system/INDEX.md	/data/data/com.termux/files/home/02.ERP-system/90.transition-triage/00.root-files/INDEX.md	file_copied	copied root loose file to triage
design	root-file	file	/data/data/com.termux/files/home/02.ERP-system/146_ERP_APPROVAL_REQUEST_SUBFAMILY_EVIDENCE_CAPTURE_RULE.md	/data/data/com.termux/files/home/02.ERP-system/90.transition-triage/00.root-files/146_ERP_APPROVAL_REQUEST_SUBFAMILY_EVIDENCE_CAPTURE_RULE.md	file_copied	copied root loose file to triage
design	root-file	file	/data/data/com.termux/files/home/02.ERP-system/147_ERP_APPROVAL_REQUEST_SUBFAMILY_EVIDENCE_LOG_TEMPLATE.md	/data/data/com.termux/files/home/02.ERP-system/90.transition-triage/00.root-files/147_ERP_APPROVAL_REQUEST_SUBFAMILY_EVIDENCE_LOG_TEMPLATE.md	file_copied	copied root loose file to triage
design	root-file	file	/data/data/com.termux/files/home/02.ERP-system/148_ERP_APPROVAL_REQUEST_SUBFAMILY_TARGET_MATRIX.md	/data/data/com.termux/files/home/02.ERP-system/90.transition-triage/00.root-files/148_ERP_APPROVAL_REQUEST_SUBFAMILY_TARGET_MATRIX.md	file_copied	copied root loose file to triage
design	root-file	file	/data/data/com.termux/files/home/02.ERP-system/149_ERP_APPROVAL_REQUEST_SUBFAMILY_FIRST_CAPTURE_PLAN.md	/data/data/com.termux/files/home/02.ERP-system/90.transition-triage/00.root-files/149_ERP_APPROVAL_REQUEST_SUBFAMILY_FIRST_CAPTURE_PLAN.md	file_copied	copied root loose file to triage
design	root-file	file	/data/data/com.termux/files/home/02.ERP-system/151_ERP_EVIDENCE_CAPTURE_SET_OVERVIEW.md	/data/data/com.termux/files/home/02.ERP-system/90.transition-triage/00.root-files/151_ERP_EVIDENCE_CAPTURE_SET_OVERVIEW.md	file_copied	copied root loose file to triage
design	root-file	file	/data/data/com.termux/files/home/02.ERP-system/152_DESIGN_MASTER_INDEX_EVIDENCE_CAPTURE_PATCH.md	/data/data/com.termux/files/home/02.ERP-system/90.transition-triage/00.root-files/152_DESIGN_MASTER_INDEX_EVIDENCE_CAPTURE_PATCH.md	file_copied	copied root loose file to triage
design	root-file	file	/data/data/com.termux/files/home/02.ERP-system/153_ERP_SYSTEM_MASTER_INDEX_EVIDENCE_CAPTURE_PATCH.md	/data/data/com.termux/files/home/02.ERP-system/90.transition-triage/00.root-files/153_ERP_SYSTEM_MASTER_INDEX_EVIDENCE_CAPTURE_PATCH.md	file_copied	copied root loose file to triage
design	root-file	file	/data/data/com.termux/files/home/02.ERP-system/154_ERP_EVIDENCE_CAPTURE_ROOT_NAVIGATION_RULE.md	/data/data/com.termux/files/home/02.ERP-system/90.transition-triage/00.root-files/154_ERP_EVIDENCE_CAPTURE_ROOT_NAVIGATION_RULE.md	file_copied	copied root loose file to triage
design	root-file	file	/data/data/com.termux/files/home/02.ERP-system/155_ERP_RUNTIME_EVIDENCE_ACTUAL_RESULTS.md	/data/data/com.termux/files/home/02.ERP-system/90.transition-triage/00.root-files/155_ERP_RUNTIME_EVIDENCE_ACTUAL_RESULTS.md	file_copied	copied root loose file to triage
design	root-file	file	/data/data/com.termux/files/home/02.ERP-system/156_ERP_HEADER_EVIDENCE_ACTUAL_RESULTS.md	/data/data/com.termux/files/home/02.ERP-system/90.transition-triage/00.root-files/156_ERP_HEADER_EVIDENCE_ACTUAL_RESULTS.md	file_copied	copied root loose file to triage
design	root-file	file	/data/data/com.termux/files/home/02.ERP-system/157_ERP_RUNTIME_AND_HEADER_EVIDENCE_INTERPRETATION.md	/data/data/com.termux/files/home/02.ERP-system/90.transition-triage/00.root-files/157_ERP_RUNTIME_AND_HEADER_EVIDENCE_INTERPRETATION.md	file_copied	copied root loose file to triage
design	root-file	file	/data/data/com.termux/files/home/02.ERP-system/158_ERP_PROVISIONAL_AUTHORITY_DECISIONS_HARDENED.md	/data/data/com.termux/files/home/02.ERP-system/90.transition-triage/00.root-files/158_ERP_PROVISIONAL_AUTHORITY_DECISIONS_HARDENED.md	file_copied	copied root loose file to triage
design	root-file	file	/data/data/com.termux/files/home/02.ERP-system/159_ERP_EVIDENCE_CAPTURE_FIRST_PASS_SUMMARY.md	/data/data/com.termux/files/home/02.ERP-system/90.transition-triage/00.root-files/159_ERP_EVIDENCE_CAPTURE_FIRST_PASS_SUMMARY.md	file_copied	copied root loose file to triage
design	root-file	file	/data/data/com.termux/files/home/02.ERP-system/160_ERP_PUBLIC_HEADER_STRUCTURE_EVIDENCE_RESULTS.md	/data/data/com.termux/files/home/02.ERP-system/90.transition-triage/00.root-files/160_ERP_PUBLIC_HEADER_STRUCTURE_EVIDENCE_RESULTS.md	file_copied	copied root loose file to triage
design	root-file	file	/data/data/com.termux/files/home/02.ERP-system/161_ERP_PUBLIC_HEADER_MIRROR_JUDGMENT.md	/data/data/com.termux/files/home/02.ERP-system/90.transition-triage/00.root-files/161_ERP_PUBLIC_HEADER_MIRROR_JUDGMENT.md	file_copied	copied root loose file to triage
design	root-file	file	/data/data/com.termux/files/home/02.ERP-system/162_ERP_PUBLIC_HEADER_ACTIVE_WRITE_RISK_REVIEW.md	/data/data/com.termux/files/home/02.ERP-system/90.transition-triage/00.root-files/162_ERP_PUBLIC_HEADER_ACTIVE_WRITE_RISK_REVIEW.md	file_copied	copied root loose file to triage
design	root-file	file	/data/data/com.termux/files/home/02.ERP-system/163_ERP_PUBLIC_HEADER_FINAL_FIRST_PASS_SUMMARY.md	/data/data/com.termux/files/home/02.ERP-system/90.transition-triage/00.root-files/163_ERP_PUBLIC_HEADER_FINAL_FIRST_PASS_SUMMARY.md	file_copied	copied root loose file to triage
design	root-file	file	/data/data/com.termux/files/home/02.ERP-system/164_ERP_SETTLEMENT_EVIDENCE_ACTUAL_RESULTS.md	/data/data/com.termux/files/home/02.ERP-system/90.transition-triage/00.root-files/164_ERP_SETTLEMENT_EVIDENCE_ACTUAL_RESULTS.md	file_copied	copied root loose file to triage
design	root-file	file	/data/data/com.termux/files/home/02.ERP-system/165_ERP_AR_AP_EVIDENCE_ACTUAL_RESULTS.md	/data/data/com.termux/files/home/02.ERP-system/90.transition-triage/00.root-files/165_ERP_AR_AP_EVIDENCE_ACTUAL_RESULTS.md	file_copied	copied root loose file to triage
design	root-file	file	/data/data/com.termux/files/home/02.ERP-system/166_ERP_SETTLEMENT_AND_AR_AP_EVIDENCE_INTERPRETATION.md	/data/data/com.termux/files/home/02.ERP-system/90.transition-triage/00.root-files/166_ERP_SETTLEMENT_AND_AR_AP_EVIDENCE_INTERPRETATION.md	file_copied	copied root loose file to triage
design	root-file	file	/data/data/com.termux/files/home/02.ERP-system/167_ERP_SETTLEMENT_AND_AR_AP_FIRST_PASS_SUMMARY.md	/data/data/com.termux/files/home/02.ERP-system/90.transition-triage/00.root-files/167_ERP_SETTLEMENT_AND_AR_AP_FIRST_PASS_SUMMARY.md	file_copied	copied root loose file to triage
design	root-file	file	/data/data/com.termux/files/home/02.ERP-system/168_ERP_APPROVAL_REQUEST_SUBFAMILY_EVIDENCE_ACTUAL_RESULTS.md	/data/data/com.termux/files/home/02.ERP-system/90.transition-triage/00.root-files/168_ERP_APPROVAL_REQUEST_SUBFAMILY_EVIDENCE_ACTUAL_RESULTS.md	file_copied	copied root loose file to triage
design	root-file	file	/data/data/com.termux/files/home/02.ERP-system/169_ERP_APPROVAL_REQUEST_SUBFAMILY_EVIDENCE_INTERPRETATION.md	/data/data/com.termux/files/home/02.ERP-system/90.transition-triage/00.root-files/169_ERP_APPROVAL_REQUEST_SUBFAMILY_EVIDENCE_INTERPRETATION.md	file_copied	copied root loose file to triage
design	root-file	file	/data/data/com.termux/files/home/02.ERP-system/170_ERP_APPROVAL_REQUEST_TRUE_AUTHORITY_CANDIDATE_REVIEW.md	/data/data/com.termux/files/home/02.ERP-system/90.transition-triage/00.root-files/170_ERP_APPROVAL_REQUEST_TRUE_AUTHORITY_CANDIDATE_REVIEW.md	file_copied	copied root loose file to triage
design	root-file	file	/data/data/com.termux/files/home/02.ERP-system/171_ERP_APPROVAL_REQUEST_FIRST_PASS_SUMMARY.md	/data/data/com.termux/files/home/02.ERP-system/90.transition-triage/00.root-files/171_ERP_APPROVAL_REQUEST_FIRST_PASS_SUMMARY.md	file_copied	copied root loose file to triage
design	root-file	file	/data/data/com.termux/files/home/02.ERP-system/172_ERP_AUTHORITY_REGISTRY_DRAFT_OVERVIEW.md	/data/data/com.termux/files/home/02.ERP-system/90.transition-triage/00.root-files/172_ERP_AUTHORITY_REGISTRY_DRAFT_OVERVIEW.md	file_copied	copied root loose file to triage
design	root-file	file	/data/data/com.termux/files/home/02.ERP-system/173_ERP_AUTHORITY_REGISTRY_DRAFT_RUNTIME.md	/data/data/com.termux/files/home/02.ERP-system/90.transition-triage/00.root-files/173_ERP_AUTHORITY_REGISTRY_DRAFT_RUNTIME.md	file_copied	copied root loose file to triage
design	root-file	file	/data/data/com.termux/files/home/02.ERP-system/174_ERP_AUTHORITY_REGISTRY_DRAFT_HEADERS.md	/data/data/com.termux/files/home/02.ERP-system/90.transition-triage/00.root-files/174_ERP_AUTHORITY_REGISTRY_DRAFT_HEADERS.md	file_copied	copied root loose file to triage
design	root-file	file	/data/data/com.termux/files/home/02.ERP-system/176_ERP_AUTHORITY_REGISTRY_DRAFT_SUMMARY.md	/data/data/com.termux/files/home/02.ERP-system/90.transition-triage/00.root-files/176_ERP_AUTHORITY_REGISTRY_DRAFT_SUMMARY.md	file_copied	copied root loose file to triage
design	root-file	file	/data/data/com.termux/files/home/02.ERP-system/175_ERP_AUTHORITY_REGISTRY_DRAFT_SETTLEMENT_AR_AP_APPROVAL.md	/data/data/com.termux/files/home/02.ERP-system/90.transition-triage/00.root-files/175_ERP_AUTHORITY_REGISTRY_DRAFT_SETTLEMENT_AR_AP_APPROVAL.md	file_copied	copied root loose file to triage
design	root-file	file	/data/data/com.termux/files/home/02.ERP-system/178_ERP_AUTHORITY_REGISTRY_ROOT_PATCH.md	/data/data/com.termux/files/home/02.ERP-system/90.transition-triage/00.root-files/178_ERP_AUTHORITY_REGISTRY_ROOT_PATCH.md	file_copied	copied root loose file to triage
design	root-file	file	/data/data/com.termux/files/home/02.ERP-system/179_DESIGN_MASTER_INDEX_AUTHORITY_REGISTRY_PATCH.md	/data/data/com.termux/files/home/02.ERP-system/90.transition-triage/00.root-files/179_DESIGN_MASTER_INDEX_AUTHORITY_REGISTRY_PATCH.md	file_copied	copied root loose file to triage
design	root-file	file	/data/data/com.termux/files/home/02.ERP-system/180_ERP_SYSTEM_MASTER_INDEX_AUTHORITY_REGISTRY_PATCH.md	/data/data/com.termux/files/home/02.ERP-system/90.transition-triage/00.root-files/180_ERP_SYSTEM_MASTER_INDEX_AUTHORITY_REGISTRY_PATCH.md	file_copied	copied root loose file to triage
design	root-file	file	/data/data/com.termux/files/home/02.ERP-system/184_ERP_AUTHORITY_REGISTRY_FREEZE_CHECKLIST.md	/data/data/com.termux/files/home/02.ERP-system/90.transition-triage/00.root-files/184_ERP_AUTHORITY_REGISTRY_FREEZE_CHECKLIST.md	file_copied	copied root loose file to triage
design	root-file	file	/data/data/com.termux/files/home/02.ERP-system/191_ERP_AUTHORITY_UNRESOLVED_QUESTIONS.md	/data/data/com.termux/files/home/02.ERP-system/90.transition-triage/00.root-files/191_ERP_AUTHORITY_UNRESOLVED_QUESTIONS.md	file_copied	copied root loose file to triage
design	root-file	file	/data/data/com.termux/files/home/02.ERP-system/193_ERP_AUTHORITY_REGISTRY_MATURITY_SUMMARY.md	/data/data/com.termux/files/home/02.ERP-system/90.transition-triage/00.root-files/193_ERP_AUTHORITY_REGISTRY_MATURITY_SUMMARY.md	file_copied	copied root loose file to triage
design	root-file	file	/data/data/com.termux/files/home/02.ERP-system/194_ERP_FROZEN_CANDIDATE_NAVIGATION_NOTE.md	/data/data/com.termux/files/home/02.ERP-system/90.transition-triage/00.root-files/194_ERP_FROZEN_CANDIDATE_NAVIGATION_NOTE.md	file_copied	copied root loose file to triage
design	root-file	file	/data/data/com.termux/files/home/02.ERP-system/198_ERP_FROZEN_CANDIDATE_ROOT_NAVIGATION_RULE.md	/data/data/com.termux/files/home/02.ERP-system/90.transition-triage/00.root-files/198_ERP_FROZEN_CANDIDATE_ROOT_NAVIGATION_RULE.md	file_copied	copied root loose file to triage
design	root-file	file	/data/data/com.termux/files/home/02.ERP-system/199_ERP_AUTHORITY_PROMOTION_CURRENT_STATE.md	/data/data/com.termux/files/home/02.ERP-system/90.transition-triage/00.root-files/199_ERP_AUTHORITY_PROMOTION_CURRENT_STATE.md	file_copied	copied root loose file to triage
design	root-file	file	/data/data/com.termux/files/home/02.ERP-system/200_ERP_AUTHORITY_PROMOTION_ROADMAP.md	/data/data/com.termux/files/home/02.ERP-system/90.transition-triage/00.root-files/200_ERP_AUTHORITY_PROMOTION_ROADMAP.md	file_copied	copied root loose file to triage
design	root-file	file	/data/data/com.termux/files/home/02.ERP-system/209_ERP_FROZEN_AUTHORITY_REGISTRY_CANDIDATE_RUNTIME_SUPPORT_AND_HISTORY.md	/data/data/com.termux/files/home/02.ERP-system/90.transition-triage/00.root-files/209_ERP_FROZEN_AUTHORITY_REGISTRY_CANDIDATE_RUNTIME_SUPPORT_AND_HISTORY.md	file_copied	copied root loose file to triage
design	root-file	file	/data/data/com.termux/files/home/02.ERP-system/210_ERP_FROZEN_AUTHORITY_REGISTRY_CANDIDATE_HEADERS_AND_PROJECTIONS.md	/data/data/com.termux/files/home/02.ERP-system/90.transition-triage/00.root-files/210_ERP_FROZEN_AUTHORITY_REGISTRY_CANDIDATE_HEADERS_AND_PROJECTIONS.md	file_copied	copied root loose file to triage
design	root-file	file	/data/data/com.termux/files/home/02.ERP-system/213_ERP_PRE_FREEZE_LAYER_NAVIGATION_NOTE.md	/data/data/com.termux/files/home/02.ERP-system/90.transition-triage/00.root-files/213_ERP_PRE_FREEZE_LAYER_NAVIGATION_NOTE.md	file_copied	copied root loose file to triage
design	root-file	file	/data/data/com.termux/files/home/02.ERP-system/217_ERP_PRE_FREEZE_ROOT_NAVIGATION_RULE.md	/data/data/com.termux/files/home/02.ERP-system/90.transition-triage/00.root-files/217_ERP_PRE_FREEZE_ROOT_NAVIGATION_RULE.md	file_copied	copied root loose file to triage
design	root-file	file	/data/data/com.termux/files/home/02.ERP-system/218_ERP_FREEZE_READY_VERIFICATION_SET_OVERVIEW.md	/data/data/com.termux/files/home/02.ERP-system/90.transition-triage/00.root-files/218_ERP_FREEZE_READY_VERIFICATION_SET_OVERVIEW.md	file_copied	copied root loose file to triage
design	root-file	file	/data/data/com.termux/files/home/02.ERP-system/219_ERP_RUNTIME_FINAL_VERIFICATION_PLAN.md	/data/data/com.termux/files/home/02.ERP-system/90.transition-triage/00.root-files/219_ERP_RUNTIME_FINAL_VERIFICATION_PLAN.md	file_copied	copied root loose file to triage
design	root-file	file	/data/data/com.termux/files/home/02.ERP-system/223_ERP_FROZEN_AUTHORITY_REGISTRY_V1_TEMPLATE.md	/data/data/com.termux/files/home/02.ERP-system/90.transition-triage/00.root-files/223_ERP_FROZEN_AUTHORITY_REGISTRY_V1_TEMPLATE.md	file_copied	copied root loose file to triage
design	root-file	file	/data/data/com.termux/files/home/02.ERP-system/224_ERP_FROZEN_AUTHORITY_REGISTRY_V1_PREPARATION_SUMMARY.md	/data/data/com.termux/files/home/02.ERP-system/90.transition-triage/00.root-files/224_ERP_FROZEN_AUTHORITY_REGISTRY_V1_PREPARATION_SUMMARY.md	file_copied	copied root loose file to triage
design	root-file	file	/data/data/com.termux/files/home/02.ERP-system/225_ERP_FREEZE_READY_NAVIGATION_NOTE.md	/data/data/com.termux/files/home/02.ERP-system/90.transition-triage/00.root-files/225_ERP_FREEZE_READY_NAVIGATION_NOTE.md	file_copied	copied root loose file to triage
design	root-file	file	/data/data/com.termux/files/home/02.ERP-system/226_ERP_FREEZE_READY_ROOT_PATCH.md	/data/data/com.termux/files/home/02.ERP-system/90.transition-triage/00.root-files/226_ERP_FREEZE_READY_ROOT_PATCH.md	file_copied	copied root loose file to triage
design	root-file	file	/data/data/com.termux/files/home/02.ERP-system/227_DESIGN_MASTER_INDEX_FREEZE_READY_PATCH.md	/data/data/com.termux/files/home/02.ERP-system/90.transition-triage/00.root-files/227_DESIGN_MASTER_INDEX_FREEZE_READY_PATCH.md	file_copied	copied root loose file to triage
design	root-file	file	/data/data/com.termux/files/home/02.ERP-system/228_ERP_SYSTEM_MASTER_INDEX_FREEZE_READY_PATCH.md	/data/data/com.termux/files/home/02.ERP-system/90.transition-triage/00.root-files/228_ERP_SYSTEM_MASTER_INDEX_FREEZE_READY_PATCH.md	file_copied	copied root loose file to triage
design	root-file	file	/data/data/com.termux/files/home/02.ERP-system/231_ERP_FROZEN_AUTHORITY_REGISTRY_V1_RUNTIME_SUPPORT_AND_HISTORY.md	/data/data/com.termux/files/home/02.ERP-system/90.transition-triage/00.root-files/231_ERP_FROZEN_AUTHORITY_REGISTRY_V1_RUNTIME_SUPPORT_AND_HISTORY.md	file_copied	copied root loose file to triage
design	root-file	file	/data/data/com.termux/files/home/02.ERP-system/232_ERP_FROZEN_AUTHORITY_REGISTRY_V1_HEADERS_AND_PROJECTIONS.md	/data/data/com.termux/files/home/02.ERP-system/90.transition-triage/00.root-files/232_ERP_FROZEN_AUTHORITY_REGISTRY_V1_HEADERS_AND_PROJECTIONS.md	file_copied	copied root loose file to triage
design	root-file	file	/data/data/com.termux/files/home/02.ERP-system/238_DESIGN_MASTER_INDEX_FROZEN_REGISTRY_V1_PATCH.md	/data/data/com.termux/files/home/02.ERP-system/90.transition-triage/00.root-files/238_DESIGN_MASTER_INDEX_FROZEN_REGISTRY_V1_PATCH.md	file_copied	copied root loose file to triage
design	root-file	file	/data/data/com.termux/files/home/02.ERP-system/239_ERP_SYSTEM_MASTER_INDEX_FROZEN_REGISTRY_V1_PATCH.md	/data/data/com.termux/files/home/02.ERP-system/90.transition-triage/00.root-files/239_ERP_SYSTEM_MASTER_INDEX_FROZEN_REGISTRY_V1_PATCH.md	file_copied	copied root loose file to triage
design	root-file	file	/data/data/com.termux/files/home/02.ERP-system/241_ERP_FROZEN_V1_DEFERRED_NEXT_CYCLE_NOTE.md	/data/data/com.termux/files/home/02.ERP-system/90.transition-triage/00.root-files/241_ERP_FROZEN_V1_DEFERRED_NEXT_CYCLE_NOTE.md	file_copied	copied root loose file to triage
design	root-file	file	/data/data/com.termux/files/home/02.ERP-system/244_ERP_DEFERRED_AUTHORITY_EVIDENCE_BACKLOG.md	/data/data/com.termux/files/home/02.ERP-system/90.transition-triage/00.root-files/244_ERP_DEFERRED_AUTHORITY_EVIDENCE_BACKLOG.md	file_copied	copied root loose file to triage
design	root-file	file	/data/data/com.termux/files/home/02.ERP-system/248_ERP_FROZEN_V2_ROOT_PATCH.md	/data/data/com.termux/files/home/02.ERP-system/90.transition-triage/00.root-files/248_ERP_FROZEN_V2_ROOT_PATCH.md	file_copied	copied root loose file to triage
design	root-file	file	/data/data/com.termux/files/home/02.ERP-system/249_ERP_DESIGN_COVERAGE_CURRENT_STATE.md	/data/data/com.termux/files/home/02.ERP-system/90.transition-triage/00.root-files/249_ERP_DESIGN_COVERAGE_CURRENT_STATE.md	file_copied	copied root loose file to triage
design	root-file	file	/data/data/com.termux/files/home/02.ERP-system/250_ERP_BUSINESS_DESIGN_ROADMAP.md	/data/data/com.termux/files/home/02.ERP-system/90.transition-triage/00.root-files/250_ERP_BUSINESS_DESIGN_ROADMAP.md	file_copied	copied root loose file to triage
design	root-file	file	/data/data/com.termux/files/home/02.ERP-system/253_ERP_ANALYTICS_DESIGN_ROADMAP.md	/data/data/com.termux/files/home/02.ERP-system/90.transition-triage/00.root-files/253_ERP_ANALYTICS_DESIGN_ROADMAP.md	file_copied	copied root loose file to triage
design	root-file	file	/data/data/com.termux/files/home/02.ERP-system/253_ERP_V2_RUNTIME_REDISCOVERY_PLAN.md	/data/data/com.termux/files/home/02.ERP-system/90.transition-triage/00.root-files/253_ERP_V2_RUNTIME_REDISCOVERY_PLAN.md	file_copied	copied root loose file to triage
design	root-file	file	/data/data/com.termux/files/home/02.ERP-system/254_ERP_V2_SETTLEMENT_ARAP_REDISCOVERY_PLAN.md	/data/data/com.termux/files/home/02.ERP-system/90.transition-triage/00.root-files/254_ERP_V2_SETTLEMENT_ARAP_REDISCOVERY_PLAN.md	file_copied	copied root loose file to triage
design	root-file	file	/data/data/com.termux/files/home/02.ERP-system/255_ERP_V2_APPROVAL_REDISCOVERY_PLAN.md	/data/data/com.termux/files/home/02.ERP-system/90.transition-triage/00.root-files/255_ERP_V2_APPROVAL_REDISCOVERY_PLAN.md	file_copied	copied root loose file to triage
design	root-file	file	/data/data/com.termux/files/home/02.ERP-system/256_ERP_V2_RESET_AND_REDISCOVERY_SUMMARY.md	/data/data/com.termux/files/home/02.ERP-system/90.transition-triage/00.root-files/256_ERP_V2_RESET_AND_REDISCOVERY_SUMMARY.md	file_copied	copied root loose file to triage
design	root-file	file	/data/data/com.termux/files/home/02.ERP-system/258_ERP_V2_SETTLEMENT_ACTUAL_RESULTS.md	/data/data/com.termux/files/home/02.ERP-system/90.transition-triage/00.root-files/258_ERP_V2_SETTLEMENT_ACTUAL_RESULTS.md	file_copied	copied root loose file to triage
design	root-file	file	/data/data/com.termux/files/home/02.ERP-system/259_ERP_V2_APPROVAL_ACTUAL_RESULTS.md	/data/data/com.termux/files/home/02.ERP-system/90.transition-triage/00.root-files/259_ERP_V2_APPROVAL_ACTUAL_RESULTS.md	file_copied	copied root loose file to triage
design	root-file	file	/data/data/com.termux/files/home/02.ERP-system/263_ERP_V2_CANDIDATE_SHORTLIST.md	/data/data/com.termux/files/home/02.ERP-system/90.transition-triage/00.root-files/263_ERP_V2_CANDIDATE_SHORTLIST.md	file_copied	copied root loose file to triage
design	root-file	file	/data/data/com.termux/files/home/02.ERP-system/264_ERP_V2_DEFERRED_QUEUE_REVISED.md	/data/data/com.termux/files/home/02.ERP-system/90.transition-triage/00.root-files/264_ERP_V2_DEFERRED_QUEUE_REVISED.md	file_copied	copied root loose file to triage
design	root-file	file	/data/data/com.termux/files/home/02.ERP-system/265_ERP_V2_APPROVAL_AUTHORITY_REVISION_NOTE.md	/data/data/com.termux/files/home/02.ERP-system/90.transition-triage/00.root-files/265_ERP_V2_APPROVAL_AUTHORITY_REVISION_NOTE.md	file_copied	copied root loose file to triage
design	root-file	file	/data/data/com.termux/files/home/02.ERP-system/270_ERP_V2_ARAP_CANDIDATE_REFRAMING_NOTE.md	/data/data/com.termux/files/home/02.ERP-system/90.transition-triage/00.root-files/270_ERP_V2_ARAP_CANDIDATE_REFRAMING_NOTE.md	file_copied	copied root loose file to triage
design	root-file	file	/data/data/com.termux/files/home/02.ERP-system/271_ERP_V2_ARAP_RECEIVABLE_SIDE_WORKING_CANDIDATES.md	/data/data/com.termux/files/home/02.ERP-system/90.transition-triage/00.root-files/271_ERP_V2_ARAP_RECEIVABLE_SIDE_WORKING_CANDIDATES.md	file_copied	copied root loose file to triage
design	root-file	file	/data/data/com.termux/files/home/02.ERP-system/273_ERP_V2_ARAP_NEXT_DISCOVERY_QUEUE.md	/data/data/com.termux/files/home/02.ERP-system/90.transition-triage/00.root-files/273_ERP_V2_ARAP_NEXT_DISCOVERY_QUEUE.md	file_copied	copied root loose file to triage
design	root-file	file	/data/data/com.termux/files/home/02.ERP-system/276_ERP_V2_AR_SIDE_WORKING_JUDGMENT.md	/data/data/com.termux/files/home/02.ERP-system/90.transition-triage/00.root-files/276_ERP_V2_AR_SIDE_WORKING_JUDGMENT.md	file_copied	copied root loose file to triage
design	root-file	file	/data/data/com.termux/files/home/02.ERP-system/277_ERP_V2_AP_SIDE_WORKING_JUDGMENT.md	/data/data/com.termux/files/home/02.ERP-system/90.transition-triage/00.root-files/277_ERP_V2_AP_SIDE_WORKING_JUDGMENT.md	file_copied	copied root loose file to triage
design	root-file	file	/data/data/com.termux/files/home/02.ERP-system/278_ERP_V2_ARAP_REVISED_FREEZE_DIRECTION.md	/data/data/com.termux/files/home/02.ERP-system/90.transition-triage/00.root-files/278_ERP_V2_ARAP_REVISED_FREEZE_DIRECTION.md	file_copied	copied root loose file to triage
design	root-file	file	/data/data/com.termux/files/home/02.ERP-system/284_ERP_V2_SHORTLIST_AND_DEFERRED_UPDATE_NOTE.md	/data/data/com.termux/files/home/02.ERP-system/90.transition-triage/00.root-files/284_ERP_V2_SHORTLIST_AND_DEFERRED_UPDATE_NOTE.md	file_copied	copied root loose file to triage
design	root-file	file	/data/data/com.termux/files/home/02.ERP-system/285_ERP_V2_NEXT_ACTIONS_AFTER_ARAP_ROLE_COMPARE.md	/data/data/com.termux/files/home/02.ERP-system/90.transition-triage/00.root-files/285_ERP_V2_NEXT_ACTIONS_AFTER_ARAP_ROLE_COMPARE.md	file_copied	copied root loose file to triage
design	root-file	file	/data/data/com.termux/files/home/02.ERP-system/289_ERP_V2_AR_AP_SCOPE_DECISION_QUEUE.md	/data/data/com.termux/files/home/02.ERP-system/90.transition-triage/00.root-files/289_ERP_V2_AR_AP_SCOPE_DECISION_QUEUE.md	file_copied	copied root loose file to triage
design	root-file	file	/data/data/com.termux/files/home/02.ERP-system/296_ERP_V2_CANDIDATE_SHORTLIST_FINALIZED_PASS.md	/data/data/com.termux/files/home/02.ERP-system/90.transition-triage/00.root-files/296_ERP_V2_CANDIDATE_SHORTLIST_FINALIZED_PASS.md	file_copied	copied root loose file to triage
design	root-file	file	/data/data/com.termux/files/home/02.ERP-system/297_ERP_V2_DEFERRED_QUEUE_FINALIZED_PASS.md	/data/data/com.termux/files/home/02.ERP-system/90.transition-triage/00.root-files/297_ERP_V2_DEFERRED_QUEUE_FINALIZED_PASS.md	file_copied	copied root loose file to triage
design	root-file	file	/data/data/com.termux/files/home/02.ERP-system/OVERVIEW.md	/data/data/com.termux/files/home/02.ERP-system/90.transition-triage/00.root-files/OVERVIEW.md	file_copied	copied root loose file to triage
design	root-file	file	/data/data/com.termux/files/home/02.ERP-system/506_ERP_V3_RULE_CONTROL_TRUTH_VS_AUDIT_TRUTH_DEEPER.md	/data/data/com.termux/files/home/02.ERP-system/90.transition-triage/00.root-files/506_ERP_V3_RULE_CONTROL_TRUTH_VS_AUDIT_TRUTH_DEEPER.md	file_copied	copied root loose file to triage
design	root-file	file	/data/data/com.termux/files/home/02.ERP-system/508_ERP_V3_BOUNDARY_DEEPER_PASS_SUMMARY.md	/data/data/com.termux/files/home/02.ERP-system/90.transition-triage/00.root-files/508_ERP_V3_BOUNDARY_DEEPER_PASS_SUMMARY.md	file_copied	copied root loose file to triage
design	root-file	file	/data/data/com.termux/files/home/02.ERP-system/511_ERP_SYSTEM_MASTER_INDEX_V3_BOUNDARY_DEEPER_PASS_PATCH.md	/data/data/com.termux/files/home/02.ERP-system/90.transition-triage/00.root-files/511_ERP_SYSTEM_MASTER_INDEX_V3_BOUNDARY_DEEPER_PASS_PATCH.md	file_copied	copied root loose file to triage
design	root-file	file	/data/data/com.termux/files/home/02.ERP-system/512_ERP_V3_BOUNDARY_DEEPER_PASS_ROOT_NAVIGATION_RULE.md	/data/data/com.termux/files/home/02.ERP-system/90.transition-triage/00.root-files/512_ERP_V3_BOUNDARY_DEEPER_PASS_ROOT_NAVIGATION_RULE.md	file_copied	copied root loose file to triage
design	root-file	file	/data/data/com.termux/files/home/02.ERP-system/177_ERP_AUTHORITY_REGISTRY_NAVIGATION_NOTE.md	/data/data/com.termux/files/home/02.ERP-system/90.transition-triage/00.root-files/177_ERP_AUTHORITY_REGISTRY_NAVIGATION_NOTE.md	file_copied	copied root loose file to triage
design	root-file	file	/data/data/com.termux/files/home/02.ERP-system/181_ERP_AUTHORITY_REGISTRY_ROOT_NAVIGATION_RULE.md	/data/data/com.termux/files/home/02.ERP-system/90.transition-triage/00.root-files/181_ERP_AUTHORITY_REGISTRY_ROOT_NAVIGATION_RULE.md	file_copied	copied root loose file to triage
design	root-file	file	/data/data/com.termux/files/home/02.ERP-system/182_ERP_FROZEN_AUTHORITY_CRITERIA.md	/data/data/com.termux/files/home/02.ERP-system/90.transition-triage/00.root-files/182_ERP_FROZEN_AUTHORITY_CRITERIA.md	file_copied	copied root loose file to triage
design	root-file	file	/data/data/com.termux/files/home/02.ERP-system/183_ERP_AUTHORITY_MATURITY_MODEL.md	/data/data/com.termux/files/home/02.ERP-system/90.transition-triage/00.root-files/183_ERP_AUTHORITY_MATURITY_MODEL.md	file_copied	copied root loose file to triage
design	root-file	file	/data/data/com.termux/files/home/02.ERP-system/185_ERP_FROZEN_AUTHORITY_CANDIDATE_GATE.md	/data/data/com.termux/files/home/02.ERP-system/90.transition-triage/00.root-files/185_ERP_FROZEN_AUTHORITY_CANDIDATE_GATE.md	file_copied	copied root loose file to triage
design	root-file	file	/data/data/com.termux/files/home/02.ERP-system/186_ERP_AUTHORITY_REGISTRY_MATURITY_ASSIGNMENT_RUNTIME.md	/data/data/com.termux/files/home/02.ERP-system/90.transition-triage/00.root-files/186_ERP_AUTHORITY_REGISTRY_MATURITY_ASSIGNMENT_RUNTIME.md	file_copied	copied root loose file to triage
design	root-file	file	/data/data/com.termux/files/home/02.ERP-system/187_ERP_AUTHORITY_REGISTRY_MATURITY_ASSIGNMENT_HEADERS.md	/data/data/com.termux/files/home/02.ERP-system/90.transition-triage/00.root-files/187_ERP_AUTHORITY_REGISTRY_MATURITY_ASSIGNMENT_HEADERS.md	file_copied	copied root loose file to triage
design	root-file	file	/data/data/com.termux/files/home/02.ERP-system/188_ERP_AUTHORITY_REGISTRY_MATURITY_ASSIGNMENT_SETTLEMENT_AR_AP_APPROVAL.md	/data/data/com.termux/files/home/02.ERP-system/90.transition-triage/00.root-files/188_ERP_AUTHORITY_REGISTRY_MATURITY_ASSIGNMENT_SETTLEMENT_AR_AP_APPROVAL.md	file_copied	copied root loose file to triage
design	root-file	file	/data/data/com.termux/files/home/02.ERP-system/189_ERP_FROZEN_AUTHORITY_CANDIDATE_SHORTLIST.md	/data/data/com.termux/files/home/02.ERP-system/90.transition-triage/00.root-files/189_ERP_FROZEN_AUTHORITY_CANDIDATE_SHORTLIST.md	file_copied	copied root loose file to triage
design	root-file	file	/data/data/com.termux/files/home/02.ERP-system/190_ERP_NON_FROZEN_AUTHORITY_REVIEW_QUEUE.md	/data/data/com.termux/files/home/02.ERP-system/90.transition-triage/00.root-files/190_ERP_NON_FROZEN_AUTHORITY_REVIEW_QUEUE.md	file_copied	copied root loose file to triage
design	root-file	file	/data/data/com.termux/files/home/02.ERP-system/192_ERP_AUTHORITY_NEXT_VERIFICATION_QUEUE.md	/data/data/com.termux/files/home/02.ERP-system/90.transition-triage/00.root-files/192_ERP_AUTHORITY_NEXT_VERIFICATION_QUEUE.md	file_copied	copied root loose file to triage
design	root-file	file	/data/data/com.termux/files/home/02.ERP-system/195_ERP_FROZEN_CANDIDATE_ROOT_PATCH.md	/data/data/com.termux/files/home/02.ERP-system/90.transition-triage/00.root-files/195_ERP_FROZEN_CANDIDATE_ROOT_PATCH.md	file_copied	copied root loose file to triage
design	root-file	file	/data/data/com.termux/files/home/02.ERP-system/196_DESIGN_MASTER_INDEX_FROZEN_CANDIDATE_PATCH.md	/data/data/com.termux/files/home/02.ERP-system/90.transition-triage/00.root-files/196_DESIGN_MASTER_INDEX_FROZEN_CANDIDATE_PATCH.md	file_copied	copied root loose file to triage
design	root-file	file	/data/data/com.termux/files/home/02.ERP-system/197_ERP_SYSTEM_MASTER_INDEX_FROZEN_CANDIDATE_PATCH.md	/data/data/com.termux/files/home/02.ERP-system/90.transition-triage/00.root-files/197_ERP_SYSTEM_MASTER_INDEX_FROZEN_CANDIDATE_PATCH.md	file_copied	copied root loose file to triage
design	root-file	file	/data/data/com.termux/files/home/02.ERP-system/201_ERP_AUTHORITY_PROMOTION_NEXT_ACTIONS.md	/data/data/com.termux/files/home/02.ERP-system/90.transition-triage/00.root-files/201_ERP_AUTHORITY_PROMOTION_NEXT_ACTIONS.md	file_copied	copied root loose file to triage
design	root-file	file	/data/data/com.termux/files/home/02.ERP-system/202_ERP_AUTHORITY_PROMOTION_DECISION_LOG.md	/data/data/com.termux/files/home/02.ERP-system/90.transition-triage/00.root-files/202_ERP_AUTHORITY_PROMOTION_DECISION_LOG.md	file_copied	copied root loose file to triage
design	root-file	file	/data/data/com.termux/files/home/02.ERP-system/203_ERP_AUTHORITY_PROMOTION_NAVIGATION_NOTE.md	/data/data/com.termux/files/home/02.ERP-system/90.transition-triage/00.root-files/203_ERP_AUTHORITY_PROMOTION_NAVIGATION_NOTE.md	file_copied	copied root loose file to triage
design	root-file	file	/data/data/com.termux/files/home/02.ERP-system/204_ERP_AUTHORITY_PROMOTION_ROOT_PATCH.md	/data/data/com.termux/files/home/02.ERP-system/90.transition-triage/00.root-files/204_ERP_AUTHORITY_PROMOTION_ROOT_PATCH.md	file_copied	copied root loose file to triage
design	root-file	file	/data/data/com.termux/files/home/02.ERP-system/205_DESIGN_MASTER_INDEX_AUTHORITY_PROMOTION_PATCH.md	/data/data/com.termux/files/home/02.ERP-system/90.transition-triage/00.root-files/205_DESIGN_MASTER_INDEX_AUTHORITY_PROMOTION_PATCH.md	file_copied	copied root loose file to triage
design	root-file	file	/data/data/com.termux/files/home/02.ERP-system/206_ERP_SYSTEM_MASTER_INDEX_AUTHORITY_PROMOTION_PATCH.md	/data/data/com.termux/files/home/02.ERP-system/90.transition-triage/00.root-files/206_ERP_SYSTEM_MASTER_INDEX_AUTHORITY_PROMOTION_PATCH.md	file_copied	copied root loose file to triage
design	root-file	file	/data/data/com.termux/files/home/02.ERP-system/207_ERP_AUTHORITY_PROMOTION_ROOT_NAVIGATION_RULE.md	/data/data/com.termux/files/home/02.ERP-system/90.transition-triage/00.root-files/207_ERP_AUTHORITY_PROMOTION_ROOT_NAVIGATION_RULE.md	file_copied	copied root loose file to triage
design	root-file	file	/data/data/com.termux/files/home/02.ERP-system/208_ERP_FROZEN_AUTHORITY_REGISTRY_CANDIDATE_OVERVIEW.md	/data/data/com.termux/files/home/02.ERP-system/90.transition-triage/00.root-files/208_ERP_FROZEN_AUTHORITY_REGISTRY_CANDIDATE_OVERVIEW.md	file_copied	copied root loose file to triage
design	root-file	file	/data/data/com.termux/files/home/02.ERP-system/211_ERP_FROZEN_AUTHORITY_REGISTRY_CANDIDATE_ACCOUNTING_CORE.md	/data/data/com.termux/files/home/02.ERP-system/90.transition-triage/00.root-files/211_ERP_FROZEN_AUTHORITY_REGISTRY_CANDIDATE_ACCOUNTING_CORE.md	file_copied	copied root loose file to triage
design	root-file	file	/data/data/com.termux/files/home/02.ERP-system/212_ERP_FROZEN_AUTHORITY_REGISTRY_CANDIDATE_SUMMARY.md	/data/data/com.termux/files/home/02.ERP-system/90.transition-triage/00.root-files/212_ERP_FROZEN_AUTHORITY_REGISTRY_CANDIDATE_SUMMARY.md	file_copied	copied root loose file to triage
design	root-file	file	/data/data/com.termux/files/home/02.ERP-system/214_ERP_PRE_FREEZE_LAYER_ROOT_PATCH.md	/data/data/com.termux/files/home/02.ERP-system/90.transition-triage/00.root-files/214_ERP_PRE_FREEZE_LAYER_ROOT_PATCH.md	file_copied	copied root loose file to triage
design	root-file	file	/data/data/com.termux/files/home/02.ERP-system/215_DESIGN_MASTER_INDEX_PRE_FREEZE_PATCH.md	/data/data/com.termux/files/home/02.ERP-system/90.transition-triage/00.root-files/215_DESIGN_MASTER_INDEX_PRE_FREEZE_PATCH.md	file_copied	copied root loose file to triage
design	root-file	file	/data/data/com.termux/files/home/02.ERP-system/216_ERP_SYSTEM_MASTER_INDEX_PRE_FREEZE_PATCH.md	/data/data/com.termux/files/home/02.ERP-system/90.transition-triage/00.root-files/216_ERP_SYSTEM_MASTER_INDEX_PRE_FREEZE_PATCH.md	file_copied	copied root loose file to triage
design	root-file	file	/data/data/com.termux/files/home/02.ERP-system/220_ERP_SETTLEMENT_AND_AR_AP_FINAL_VERIFICATION_PLAN.md	/data/data/com.termux/files/home/02.ERP-system/90.transition-triage/00.root-files/220_ERP_SETTLEMENT_AND_AR_AP_FINAL_VERIFICATION_PLAN.md	file_copied	copied root loose file to triage
design	root-file	file	/data/data/com.termux/files/home/02.ERP-system/221_ERP_APPROVAL_FINAL_VERIFICATION_PLAN.md	/data/data/com.termux/files/home/02.ERP-system/90.transition-triage/00.root-files/221_ERP_APPROVAL_FINAL_VERIFICATION_PLAN.md	file_copied	copied root loose file to triage
design	root-file	file	/data/data/com.termux/files/home/02.ERP-system/222_ERP_FREEZE_READY_CANDIDATE_AND_HOLD_SPLIT.md	/data/data/com.termux/files/home/02.ERP-system/90.transition-triage/00.root-files/222_ERP_FREEZE_READY_CANDIDATE_AND_HOLD_SPLIT.md	file_copied	copied root loose file to triage
design	root-file	file	/data/data/com.termux/files/home/02.ERP-system/229_ERP_FREEZE_READY_ROOT_NAVIGATION_RULE.md	/data/data/com.termux/files/home/02.ERP-system/90.transition-triage/00.root-files/229_ERP_FREEZE_READY_ROOT_NAVIGATION_RULE.md	file_copied	copied root loose file to triage
design	root-file	file	/data/data/com.termux/files/home/02.ERP-system/230_ERP_FROZEN_AUTHORITY_REGISTRY_V1_OVERVIEW.md	/data/data/com.termux/files/home/02.ERP-system/90.transition-triage/00.root-files/230_ERP_FROZEN_AUTHORITY_REGISTRY_V1_OVERVIEW.md	file_copied	copied root loose file to triage
design	root-file	file	/data/data/com.termux/files/home/02.ERP-system/233_ERP_FROZEN_AUTHORITY_REGISTRY_V1_ACCOUNTING_CORE.md	/data/data/com.termux/files/home/02.ERP-system/90.transition-triage/00.root-files/233_ERP_FROZEN_AUTHORITY_REGISTRY_V1_ACCOUNTING_CORE.md	file_copied	copied root loose file to triage
design	root-file	file	/data/data/com.termux/files/home/02.ERP-system/234_ERP_FROZEN_AUTHORITY_REGISTRY_V1_DEFERRED_ENTRIES.md	/data/data/com.termux/files/home/02.ERP-system/90.transition-triage/00.root-files/234_ERP_FROZEN_AUTHORITY_REGISTRY_V1_DEFERRED_ENTRIES.md	file_copied	copied root loose file to triage
design	root-file	file	/data/data/com.termux/files/home/02.ERP-system/235_ERP_FROZEN_AUTHORITY_REGISTRY_V1_SUMMARY.md	/data/data/com.termux/files/home/02.ERP-system/90.transition-triage/00.root-files/235_ERP_FROZEN_AUTHORITY_REGISTRY_V1_SUMMARY.md	file_copied	copied root loose file to triage
design	root-file	file	/data/data/com.termux/files/home/02.ERP-system/236_ERP_FROZEN_AUTHORITY_REGISTRY_V1_NAVIGATION_NOTE.md	/data/data/com.termux/files/home/02.ERP-system/90.transition-triage/00.root-files/236_ERP_FROZEN_AUTHORITY_REGISTRY_V1_NAVIGATION_NOTE.md	file_copied	copied root loose file to triage
design	root-file	file	/data/data/com.termux/files/home/02.ERP-system/237_ERP_FROZEN_AUTHORITY_REGISTRY_V1_ROOT_PATCH.md	/data/data/com.termux/files/home/02.ERP-system/90.transition-triage/00.root-files/237_ERP_FROZEN_AUTHORITY_REGISTRY_V1_ROOT_PATCH.md	file_copied	copied root loose file to triage
design	root-file	file	/data/data/com.termux/files/home/02.ERP-system/240_ERP_FROZEN_REGISTRY_V1_ROOT_NAVIGATION_RULE.md	/data/data/com.termux/files/home/02.ERP-system/90.transition-triage/00.root-files/240_ERP_FROZEN_REGISTRY_V1_ROOT_NAVIGATION_RULE.md	file_copied	copied root loose file to triage
design	root-file	file	/data/data/com.termux/files/home/02.ERP-system/242_ERP_FROZEN_V2_PREPARATION_ROADMAP.md	/data/data/com.termux/files/home/02.ERP-system/90.transition-triage/00.root-files/242_ERP_FROZEN_V2_PREPARATION_ROADMAP.md	file_copied	copied root loose file to triage
design	root-file	file	/data/data/com.termux/files/home/02.ERP-system/243_ERP_DEFERRED_AUTHORITY_REVIEW_ORDER.md	/data/data/com.termux/files/home/02.ERP-system/90.transition-triage/00.root-files/243_ERP_DEFERRED_AUTHORITY_REVIEW_ORDER.md	file_copied	copied root loose file to triage
design	root-file	file	/data/data/com.termux/files/home/02.ERP-system/245_ERP_FROZEN_V2_ENTRY_CONDITIONS.md	/data/data/com.termux/files/home/02.ERP-system/90.transition-triage/00.root-files/245_ERP_FROZEN_V2_ENTRY_CONDITIONS.md	file_copied	copied root loose file to triage
design	root-file	file	/data/data/com.termux/files/home/02.ERP-system/246_ERP_POST_V1_PROMOTION_SUMMARY.md	/data/data/com.termux/files/home/02.ERP-system/90.transition-triage/00.root-files/246_ERP_POST_V1_PROMOTION_SUMMARY.md	file_copied	copied root loose file to triage
design	root-file	file	/data/data/com.termux/files/home/02.ERP-system/247_ERP_FROZEN_V2_NAVIGATION_NOTE.md	/data/data/com.termux/files/home/02.ERP-system/90.transition-triage/00.root-files/247_ERP_FROZEN_V2_NAVIGATION_NOTE.md	file_copied	copied root loose file to triage
design	root-file	file	/data/data/com.termux/files/home/02.ERP-system/251_ERP_AUDIT_DESIGN_ROADMAP.md	/data/data/com.termux/files/home/02.ERP-system/90.transition-triage/00.root-files/251_ERP_AUDIT_DESIGN_ROADMAP.md	file_copied	copied root loose file to triage
design	root-file	file	/data/data/com.termux/files/home/02.ERP-system/252_ERP_MANAGEMENT_DESIGN_ROADMAP.md	/data/data/com.termux/files/home/02.ERP-system/90.transition-triage/00.root-files/252_ERP_MANAGEMENT_DESIGN_ROADMAP.md	file_copied	copied root loose file to triage
design	root-file	file	/data/data/com.termux/files/home/02.ERP-system/254_ERP_UNCOVERED_DOMAIN_PRIORITY_QUEUE.md	/data/data/com.termux/files/home/02.ERP-system/90.transition-triage/00.root-files/254_ERP_UNCOVERED_DOMAIN_PRIORITY_QUEUE.md	file_copied	copied root loose file to triage
design	root-file	file	/data/data/com.termux/files/home/02.ERP-system/249_DESIGN_MASTER_INDEX_FROZEN_V2_PATCH.md	/data/data/com.termux/files/home/02.ERP-system/90.transition-triage/00.root-files/249_DESIGN_MASTER_INDEX_FROZEN_V2_PATCH.md	file_copied	copied root loose file to triage
design	root-file	file	/data/data/com.termux/files/home/02.ERP-system/250_ERP_SYSTEM_MASTER_INDEX_FROZEN_V2_PATCH.md	/data/data/com.termux/files/home/02.ERP-system/90.transition-triage/00.root-files/250_ERP_SYSTEM_MASTER_INDEX_FROZEN_V2_PATCH.md	file_copied	copied root loose file to triage
design	root-file	file	/data/data/com.termux/files/home/02.ERP-system/251_ERP_FROZEN_V2_ROOT_NAVIGATION_RULE.md	/data/data/com.termux/files/home/02.ERP-system/90.transition-triage/00.root-files/251_ERP_FROZEN_V2_ROOT_NAVIGATION_RULE.md	file_copied	copied root loose file to triage
design	root-file	file	/data/data/com.termux/files/home/02.ERP-system/252_ERP_V2_OBJECT_EXISTENCE_RESET_RESULTS.md	/data/data/com.termux/files/home/02.ERP-system/90.transition-triage/00.root-files/252_ERP_V2_OBJECT_EXISTENCE_RESET_RESULTS.md	file_copied	copied root loose file to triage
design	root-file	file	/data/data/com.termux/files/home/02.ERP-system/257_ERP_V2_RUNTIME_ACTUAL_RESULTS.md	/data/data/com.termux/files/home/02.ERP-system/90.transition-triage/00.root-files/257_ERP_V2_RUNTIME_ACTUAL_RESULTS.md	file_copied	copied root loose file to triage
design	root-file	file	/data/data/com.termux/files/home/02.ERP-system/260_ERP_V2_ARAP_NAME_GAP_RESULTS.md	/data/data/com.termux/files/home/02.ERP-system/90.transition-triage/00.root-files/260_ERP_V2_ARAP_NAME_GAP_RESULTS.md	file_copied	copied root loose file to triage
design	root-file	file	/data/data/com.termux/files/home/02.ERP-system/261_ERP_V2_ACTUAL_RESULTS_INTERPRETATION.md	/data/data/com.termux/files/home/02.ERP-system/90.transition-triage/00.root-files/261_ERP_V2_ACTUAL_RESULTS_INTERPRETATION.md	file_copied	copied root loose file to triage
design	root-file	file	/data/data/com.termux/files/home/02.ERP-system/262_ERP_V2_NEXT_ACTIONS_AFTER_ACTUAL_RESULTS.md	/data/data/com.termux/files/home/02.ERP-system/90.transition-triage/00.root-files/262_ERP_V2_NEXT_ACTIONS_AFTER_ACTUAL_RESULTS.md	file_copied	copied root loose file to triage
design	root-file	file	/data/data/com.termux/files/home/02.ERP-system/266_ERP_V2_RUNTIME_AND_SETTLEMENT_PROMOTION_NOTE.md	/data/data/com.termux/files/home/02.ERP-system/90.transition-triage/00.root-files/266_ERP_V2_RUNTIME_AND_SETTLEMENT_PROMOTION_NOTE.md	file_copied	copied root loose file to triage
design	root-file	file	/data/data/com.termux/files/home/02.ERP-system/267_ERP_V2_ARAP_REDISCOVERY_QUEUE.md	/data/data/com.termux/files/home/02.ERP-system/90.transition-triage/00.root-files/267_ERP_V2_ARAP_REDISCOVERY_QUEUE.md	file_copied	copied root loose file to triage
design	root-file	file	/data/data/com.termux/files/home/02.ERP-system/268_ERP_V2_REVISED_PRIORITY_ORDER.md	/data/data/com.termux/files/home/02.ERP-system/90.transition-triage/00.root-files/268_ERP_V2_REVISED_PRIORITY_ORDER.md	file_copied	copied root loose file to triage
design	root-file	file	/data/data/com.termux/files/home/02.ERP-system/269_ERP_V2_ARAP_REDISCOVERY_ACTUAL_RESULTS.md	/data/data/com.termux/files/home/02.ERP-system/90.transition-triage/00.root-files/269_ERP_V2_ARAP_REDISCOVERY_ACTUAL_RESULTS.md	file_copied	copied root loose file to triage
design	root-file	file	/data/data/com.termux/files/home/02.ERP-system/272_ERP_V2_ARAP_PAYABLE_SIDE_WORKING_CANDIDATES.md	/data/data/com.termux/files/home/02.ERP-system/90.transition-triage/00.root-files/272_ERP_V2_ARAP_PAYABLE_SIDE_WORKING_CANDIDATES.md	file_copied	copied root loose file to triage
design	root-file	file	/data/data/com.termux/files/home/02.ERP-system/274_ERP_V2_ARAP_REDISCOVERY_SUMMARY.md	/data/data/com.termux/files/home/02.ERP-system/90.transition-triage/00.root-files/274_ERP_V2_ARAP_REDISCOVERY_SUMMARY.md	file_copied	copied root loose file to triage
design	root-file	file	/data/data/com.termux/files/home/02.ERP-system/275_ERP_V2_ARAP_CANDIDATE_HIERARCHY_ACTUAL_RESULTS.md	/data/data/com.termux/files/home/02.ERP-system/90.transition-triage/00.root-files/275_ERP_V2_ARAP_CANDIDATE_HIERARCHY_ACTUAL_RESULTS.md	file_copied	copied root loose file to triage
design	root-file	file	/data/data/com.termux/files/home/02.ERP-system/279_ERP_V2_NEXT_ACTIONS_AFTER_ARAP_HIERARCHY.md	/data/data/com.termux/files/home/02.ERP-system/90.transition-triage/00.root-files/279_ERP_V2_NEXT_ACTIONS_AFTER_ARAP_HIERARCHY.md	file_copied	copied root loose file to triage
design	root-file	file	/data/data/com.termux/files/home/02.ERP-system/280_ERP_V2_ARAP_ROLE_COMPARISON_ACTUAL_RESULTS.md	/data/data/com.termux/files/home/02.ERP-system/90.transition-triage/00.root-files/280_ERP_V2_ARAP_ROLE_COMPARISON_ACTUAL_RESULTS.md	file_copied	copied root loose file to triage
design	root-file	file	/data/data/com.termux/files/home/02.ERP-system/288_ERP_V2_PROJECTION_ONLY_SURFACES_NOTE.md	/data/data/com.termux/files/home/02.ERP-system/90.transition-triage/00.root-files/288_ERP_V2_PROJECTION_ONLY_SURFACES_NOTE.md	file_copied	copied root loose file to triage
design	root-file	file	/data/data/com.termux/files/home/02.ERP-system/290_ERP_V2_PRIORITY_ORDER_AFTER_ARAP.md	/data/data/com.termux/files/home/02.ERP-system/90.transition-triage/00.root-files/290_ERP_V2_PRIORITY_ORDER_AFTER_ARAP.md	file_copied	copied root loose file to triage
design	root-file	file	/data/data/com.termux/files/home/02.ERP-system/299_ERP_V2_SURFACE_FREEZE_REVIEW_QUEUE.md	/data/data/com.termux/files/home/02.ERP-system/90.transition-triage/00.root-files/299_ERP_V2_SURFACE_FREEZE_REVIEW_QUEUE.md	file_copied	copied root loose file to triage
design	root-file	file	/data/data/com.termux/files/home/02.ERP-system/502_ERP_V3_BOUNDARY_DEEPER_PASS_CURRENT_STATE.md	/data/data/com.termux/files/home/02.ERP-system/90.transition-triage/00.root-files/502_ERP_V3_BOUNDARY_DEEPER_PASS_CURRENT_STATE.md	file_copied	copied root loose file to triage
design	root-file	file	/data/data/com.termux/files/home/02.ERP-system/509_ERP_V3_BOUNDARY_DEEPER_PASS_ROOT_PATCH.md	/data/data/com.termux/files/home/02.ERP-system/90.transition-triage/00.root-files/509_ERP_V3_BOUNDARY_DEEPER_PASS_ROOT_PATCH.md	file_copied	copied root loose file to triage
design	root-file	file	/data/data/com.termux/files/home/02.ERP-system/510_DESIGN_MASTER_INDEX_V3_BOUNDARY_DEEPER_PASS_PATCH.md	/data/data/com.termux/files/home/02.ERP-system/90.transition-triage/00.root-files/510_DESIGN_MASTER_INDEX_V3_BOUNDARY_DEEPER_PASS_PATCH.md	file_copied	copied root loose file to triage
design	root-file	file	/data/data/com.termux/files/home/02.ERP-system/281_ERP_V2_AR_SIDE_ROLE_JUDGMENT_REVISED.md	/data/data/com.termux/files/home/02.ERP-system/90.transition-triage/00.root-files/281_ERP_V2_AR_SIDE_ROLE_JUDGMENT_REVISED.md	file_copied	copied root loose file to triage
design	root-file	file	/data/data/com.termux/files/home/02.ERP-system/282_ERP_V2_AP_SIDE_ROLE_JUDGMENT_REVISED.md	/data/data/com.termux/files/home/02.ERP-system/90.transition-triage/00.root-files/282_ERP_V2_AP_SIDE_ROLE_JUDGMENT_REVISED.md	file_copied	copied root loose file to triage
design	root-file	file	/data/data/com.termux/files/home/02.ERP-system/283_ERP_V2_ARAP_PROMOTION_DIRECTION_REVISED.md	/data/data/com.termux/files/home/02.ERP-system/90.transition-triage/00.root-files/283_ERP_V2_ARAP_PROMOTION_DIRECTION_REVISED.md	file_copied	copied root loose file to triage
design	root-file	file	/data/data/com.termux/files/home/02.ERP-system/286_ERP_V2_CANDIDATE_SHORTLIST_REVISED_AFTER_ARAP.md	/data/data/com.termux/files/home/02.ERP-system/90.transition-triage/00.root-files/286_ERP_V2_CANDIDATE_SHORTLIST_REVISED_AFTER_ARAP.md	file_copied	copied root loose file to triage
design	root-file	file	/data/data/com.termux/files/home/02.ERP-system/287_ERP_V2_DEFERRED_QUEUE_REVISED_AFTER_ARAP.md	/data/data/com.termux/files/home/02.ERP-system/90.transition-triage/00.root-files/287_ERP_V2_DEFERRED_QUEUE_REVISED_AFTER_ARAP.md	file_copied	copied root loose file to triage
design	root-file	file	/data/data/com.termux/files/home/02.ERP-system/298_ERP_V2_APPROVAL_LAYERED_DECISION_NOTE.md	/data/data/com.termux/files/home/02.ERP-system/90.transition-triage/00.root-files/298_ERP_V2_APPROVAL_LAYERED_DECISION_NOTE.md	file_copied	copied root loose file to triage
design	root-file	file	/data/data/com.termux/files/home/02.ERP-system/503_ERP_V3_BOUNDARY_ID_CANONICAL_POLICY.md	/data/data/com.termux/files/home/02.ERP-system/90.transition-triage/00.root-files/503_ERP_V3_BOUNDARY_ID_CANONICAL_POLICY.md	file_copied	copied root loose file to triage
design	root-file	file	/data/data/com.termux/files/home/02.ERP-system/504_ERP_V3_BUSINESS_TO_AUDIT_LINKED_OBJECT_MATRIX.md	/data/data/com.termux/files/home/02.ERP-system/90.transition-triage/00.root-files/504_ERP_V3_BUSINESS_TO_AUDIT_LINKED_OBJECT_MATRIX.md	file_copied	copied root loose file to triage
design	root-file	file	/data/data/com.termux/files/home/02.ERP-system/505_ERP_V3_MANAGEMENT_TO_AUDIT_LINKED_OBJECT_MATRIX.md	/data/data/com.termux/files/home/02.ERP-system/90.transition-triage/00.root-files/505_ERP_V3_MANAGEMENT_TO_AUDIT_LINKED_OBJECT_MATRIX.md	file_copied	copied root loose file to triage
design	root-file	file	/data/data/com.termux/files/home/02.ERP-system/507_ERP_V3_HANDOFF_AND_RECONCILIATION_BOUNDARY_RULES.md	/data/data/com.termux/files/home/02.ERP-system/90.transition-triage/00.root-files/507_ERP_V3_HANDOFF_AND_RECONCILIATION_BOUNDARY_RULES.md	file_copied	copied root loose file to triage
implementation	root-file	file	/data/data/com.termux/files/home/04.ERP-development/index.md	/data/data/com.termux/files/home/04.ERP-development/90.transition-triage/00.root-files/index.md	file_copied	copied root loose file to triage
implementation	root-file	file	/data/data/com.termux/files/home/04.ERP-development/overview.md	/data/data/com.termux/files/home/04.ERP-development/90.transition-triage/00.root-files/overview.md	file_copied	copied root loose file to triage
implementation	root-file	file	/data/data/com.termux/files/home/04.ERP-development/000_ERP_DEVELOPMENT_RULES.md	/data/data/com.termux/files/home/04.ERP-development/90.transition-triage/00.root-files/000_ERP_DEVELOPMENT_RULES.md	file_copied	copied root loose file to triage
